Metric,Baseline,Proposed,ImprovementPercent
Variance,27.88056338411747,22.03472883003956,20.96741903504026
Mean Absolute Error,2.6287251060373924,2.6287251060373924,0.0
Average Rider Idle Time,2.284012005349893,2.067646861629706,9.473030054719066
ETA Error Estimate,2.6287251060373924,1.9715438295280443,25.0
