Metric,Observed,Reconstructed
Mean,11.475928005458746,11.439269128081623
Variance,27.88056338411747,22.03472883003956
Mean Absolute Error,4.259073885465658,3.802292336345221
